Collusion Network,App,App ID,Rank Worldwide,Country,Country Rank
official-liker.net,HTC Sense,41158896424,20304,Pakistan,3041
djliker.com,HTC Sense,41158896424,49160,India,4816
myliker.com,HTC Sense,41158896424,52522,India,7279
autolikesgroups.com,HTC Sense,41158896424,91000,India,10404
4liker.com,HTC Sense,41158896424,96111,India,13514
cyberlikes.com,HTC Sense,41158896424,121163,India,7811
oneliker.com,HTC Sense,41158896424,132922,India,16838
f8-autoliker.com,HTC Sense,41158896424,136188,India,11799
postlikers.com,HTC Sense,41158896424,137310,India,15079
fblikess.com,HTC Sense,41158896424,148719,India,21854
way2likes.com,HTC Sense,41158896424,154845,India,13958
likeeer.com,HTC Sense,41158896424,188251,India,22861
topautolike.com,HTC Sense,41158896424,194506,India,43820
royaliker.net,Nokia Account & HTC Sense,200758583311692 & 41158896424,200743,India,23736
autolike.in,HTC Sense,41158896424,216482,Indonesia,NA
likelikego.com,HTC Sense,41158896424,232807,India,56657
myfbliker.com,HTC Sense,41158896424,259211,United States,662319
f8liker.com,HTC Sense,41158896424,293767,United States,NA
facebook-autoliker.com,HTC Sense,41158896424,317587,India,17640
kingliker.com,HTC Sense,41158896424,351696,India,32469
monkeyliker.com,HTC Sense,41158896424,407031,India,22504
likermoo.com,Sony Xperia™ smartphone,104018109673165,413845,United States,616597
vipautoliker.com,HTC Sense,41158896424,460204,India,49635
fbliker.in,Skype,260273468396,469756,India,60677
loveliker.com,HTC Sense,41158896424,488940,India,80993
monsterlikes.com,HTC Sense,41158896424,509542,India,31723
hacklike.net,Pages Manager for iOS,165907476854626,509904,Vietnam,11268
rockliker.net,HTC Sense,41158896424,530474,India,31980
likepana.com,HTC Sense,41158896424,533093,India,87430
likerty.com,HTC Sense,41158896424,546657,India,49138
likelo.me,Nokia Account,200758583311692,662592,NA,NA
extreamliker.com,Sony Xperia™ smartphone,104018109673165,687432,India,120862
autolikesub.com,BlackBerry Smartphones App & Pages Manager for iOS, 2254487659 & 165907476854626,717999,Vietnam,12321
autolikeviet.vn,BlackBerry Smartphones App,2254487659,806415,Vietnam,14185
realliker.com,HTC Sense,41158896424,851820,India,129851
addmequick.net,HTC Sense,41158896424,878550,NA,NA
myliker.me,Nokia Account,200758583311692,884994,NA,NA
pubiwayliker.com,Nokia Account & HTC Sense,200758583311692 & 41158896424,911517,NA,NA
autolike.vn,Pages Manager for iOS,165907476854626,984693,Vietnam,14960
arabfblike.com,HTC Sense,41158896424,1221195,Egypt,19706
postsliker.com,Nokia Account,200758583311692,1236820,NA,NA
dp-liker.com,HTC Sense,41158896424,2668792,NA,NA
likesapi.com,HTC Sense,41158896424,3163533,NA,NA
fbtoools.co,HTC Sense,41158896424,NA,NA,NA
