Collusion Network,App,App ID,Worldwide Rank,Country,Usage Percent,Country Rank
autolikeviet.vn,BlackBerry Smartphones App,"2254487659","811,845",Vietnam,86.6%,"14,844"
autolikesub.com,BlackBerry Smartphones App & Pages Manager for iOS," 2254487659 & 165907476854626","721,998",Vietnam,84.6%,"13,387"
myliker.com,HTC Sense,"41158896424","52,779",India,63.4%,"7,381"
oneliker.com,HTC Sense,"41158896424","133,242",India,64.3%,"17,199"
djliker.com,HTC Sense,"41158896424","49,649",India,78.4%,"4,914"
4liker.com,HTC Sense,"41158896424","96,672",India,63.1%,"13,845"
topautolike.com,HTC Sense,"41158896424","192,344",India,60.5%,"42,865"
autolikesgroups.com,HTC Sense,"41158896424","90,820",India,59.1%,"10,415"
official-liker.net,HTC Sense,"41158896424","20,286",India,49.5%,"3,227"
myfbliker.com,HTC Sense,"41158896424","262,323",India,72.0%,"44,436"
fblikess.com,HTC Sense,"41158896424","150,513",India,64.2%,"22,399"
postlikers.com,HTC Sense,"41158896424","138,344",India,92.6%,"15,340"
likepana.com,HTC Sense,"41158896424","545,815",India,57.9%,"94,241"
autolike.in,HTC Sense,"41158896424","216,855",India,74.4%,"30,001"
loveliker.com,HTC Sense,"41158896424","491,974",India,59.9%,"82,515"
monkeyliker.com,HTC Sense,"41158896424","410,754",India,80.2%,"23,362"
likelikego.com,HTC Sense,"41158896424","232,818",India,52.9%,"54,358"
way2likes.com,HTC Sense,"41158896424","154,760",India,74.4%,"13,945"
likesapi.com,HTC Sense,"41158896424","3,162,867",null,null,null
dp-liker.com,HTC Sense,"41158896424","2,995,420",null,null,null
realliker.com,HTC Sense,"41158896424","821,530",null,null,null
monsterlikes.com,HTC Sense,"41158896424","509,485",India,82.5%,"33,497"
kingliker.com,HTC Sense,"41158896424","351,658",India,72.6%,"33,696"
f8liker.com,HTC Sense,"41158896424","296,962",India,80.9%,"41,049"
f8-autoliker.com,HTC Sense,"41158896424","136,508",India,74.9%,"12,206"
vipautoliker.com,HTC Sense,"41158896424","448,578",India,64.0%,"46,454"
rockliker.net,HTC Sense,"41158896424","530,611",India,92.0%,"34,436"
facebook-autoliker.com,HTC Sense,"41158896424","312,180",India,87.1%,"17,211"
addmequick.net,HTC Sense,"41158896424","878,546",null,null,null
arabfblike.com,HTC Sense,"41158896424","1,221,168",Egypt,43.6%,"19,784"
postsliker.com,Nokia Account,"200758583311692","1,236,844",null,null,null
myliker.me,Nokia Account,"200758583311692","885,134",null,null,null
likelo.me,Nokia Account,"200758583311692","662,706",null,null,null
royaliker.net,Nokia Account & HTC Sense,"200758583311692 & 41158896424","201,814",India,86.9%,"26,236"
pubiwayliker.com,Nokia Account & HTC Sense,"200758583311692 & 41158896424","911,561",null,null,null
cyberlikes.com,HTC Sense,"41158896424","119,943",India,78.7%,"8,087"
hacklike.net,Pages Manager for iOS,"165907476854626","514,167",Vietnam,57.2%,"12,041"
autolike.vn,Pages Manager for iOS,"165907476854626","969,629",Vietnam,94.6%,"14,199"
fbliker.in,Skype,"260273468396","483,428",India,81.3%,"61,105"
extreamliker.com,Sony Xperia™ smartphone,"104018109673165","687,481",India,50.9%,"134,646"
likermoo.com,Sony Xperia™ smartphone,"104018109673165","414,570",India,48.3%,"84,981"
