174829003346,Spotify,10000000,7,yes,yes,user_birthday offline_access email ads_management publish_actions whitelisted_offline_access public_profile installed 
162729813767876,TripAdvisor™,1000000,56,yes,yes,user_hometown user_location user_likes user_photos email ads_management publish_actions public_profile installed 
464891386855067,Tinder,10000000,14,yes,yes,user_birthday user_religion_politics user_relationship_details user_likes user_activities user_education_history user_work_history user_photos user_about_me email ads_management public_profile installed 
165073083517174,8 Ball Pool,5000000,21,yes,yes,user_birthday email ads_management publish_actions public_profile installed 
297484437009394,Clash of Clans,10000000,12,yes,yes,email ads_management public_profile installed 
148494581941991,Criminal Case,5000000,24,yes,yes,email ads_management publish_actions public_profile installed 
107433747809,Badoo ,1000000,31,yes,yes,user_birthday user_location user_likes user_education_history user_work_history user_photos email ads_management publish_actions public_profile installed 
65496494327,Give Hearts,500000,133,yes,yes,email ads_management publish_actions public_profile installed 
254616967963463,Subway Surfers,1000000,47,yes,yes,email ads_management public_profile installed 
136494494209,Scribd,500000,138,yes,yes,email ads_management public_profile installed 
302826159782423,Dragon City,1000000,50,yes,yes,email ads_management publish_actions public_profile installed 
97534753161,Yelp,500000,107,yes,yes,user_birthday user_location email ads_management publish_actions public_profile installed 
279901035446446,Trivia Crack,1000000,49,yes,yes,email ads_management publish_actions public_profile installed 
333917559972367,Hay Day,1000000,27,yes,yes,email ads_management publish_actions public_profile installed 
48409868550,Change.org,500000,124,yes,yes,email ads_management publish_actions public_profile installed 
191445434271484,Timehop,5000000,22,yes,yes,user_birthday user_location user_events user_photos user_videos user_status email ads_management publish_actions public_profile installed 
164734381262,Amazon,1000000,55,yes,yes,user_photos share_item status_update user_location email user_website offline_access export_stream friends_work_history friends_subscriptions friends_birthday friends_online_presence friends_education_history read_friendlists sms friends_interests installed publish_checkins manage_friendlists whitelisted_offline_access video_upload user_work_history public_profile create_event create_note friends_hometown user_relationship_details xmpp_login user_online_presence friends_likes basic_info user_questions user_events user_hometown manage_pages user_subscriptions friends_notes friends_location user_photo_video_tags friends_religion_politics read_requests user_status friends_games_activity read_insights user_birthday user_groups user_notes user_friends user_relationships friends_status publish_stream user_checkins friends_activities friends_relationships friends_questions user_likes friends_relationship_details ads_management user_activities rsvp_event friends_checkins read_stream friends_photo_video_tags read_page_mailboxes photo_upload read_mailbox friends_website user_religion_politics publish_actions user_about_me friends_videos user_interests user_games_activity friends_photos friends_events friends_about_me user_videos user_education_history manage_notifications friends_groups
343050668156,Waze,1000000,53,yes,yes,user_events email ads_management publish_actions public_profile installed 
2389801228,Texas HoldEm Poker,1000000,57,yes,yes,email ads_management publish_actions public_profile installed 
111569915535689,9GAG,1000000,48,yes,yes,email ads_management publish_actions public_profile installed 
227791440613076,Wish,1000000,71,yes,yes,user_birthday user_hometown user_location user_likes email ads_management public_profile installed 
168378113211268,Words With Friends,1000000,36,yes,yes,email ads_management publish_actions public_profile installed 
100577877361,PlayStation®Network,1000000,43,yes,yes,user_photos share_item status_update user_location email user_website offline_access export_stream friends_work_history friends_subscriptions friends_birthday friends_online_presence friends_education_history read_friendlists sms friends_interests installed publish_checkins manage_friendlists whitelisted_offline_access video_upload user_work_history public_profile create_event create_note friends_hometown user_relationship_details xmpp_login user_online_presence friends_likes basic_info user_questions user_events user_hometown manage_pages user_subscriptions friends_notes friends_location user_photo_video_tags friends_religion_politics read_requests user_status friends_games_activity read_insights user_birthday user_groups user_notes user_friends user_relationships friends_status publish_stream user_checkins friends_activities friends_relationships friends_questions user_likes friends_relationship_details ads_management user_activities rsvp_event friends_checkins read_stream friends_photo_video_tags read_page_mailboxes photo_upload read_mailbox friends_website user_religion_politics publish_actions user_about_me friends_videos user_interests user_games_activity friends_photos friends_events friends_about_me user_videos user_education_history manage_notifications friends_groups
241284008322,Deezer,1000000,67,yes,yes,user_birthday user_likes email ads_management publish_actions whitelisted_offline_access public_profile installed 
163114453728333,Netflix,500000,109,yes,yes,user_likes user_interests offline_access email ads_management whitelisted_offline_access public_profile installed 
321574327904696,FarmVille 2,1000000,65,yes,yes,user_birthday email ads_management publish_actions public_profile installed 
139475280761,Pandora,1000000,73,yes,yes,offline_access email ads_management publish_actions whitelisted_offline_access public_profile installed 
289255557788943,Globo.com,1000000,91,yes,yes,email ads_management public_profile installed 
210827375150,Shazam,1000000,93,yes,yes,user_birthday user_location email ads_management public_profile installed 
7829106395,Groupon,1000000,89,yes,yes,email ads_management public_profile installed 
138566025676,Airbnb,500000,157,yes,yes,user_birthday user_hometown user_location user_likes user_education_history email ads_management publish_actions public_profile installed 
190322544333196,Static HTML: iframe tabs,100000,210,yes,yes,email ads_management manage_pages public_profile installed 
123966167614127,Bandsintown,100000,233,yes,yes,user_location user_likes create_event rsvp_event email ads_management manage_pages publish_pages publish_actions public_profile installed
41158896424,HTC Sense,1000000,64,yes,yes,user_photos share_item status_update user_location email user_website read_friendlists export_stream friends_work_history friends_subscriptions friends_birthday friends_online_presence friends_education_history public_profile sms friends_interests installed publish_checkins manage_friendlists whitelisted_offline_access video_upload user_work_history create_event create_note friends_hometown user_relationship_details xmpp_login user_online_presence friends_likes basic_info user_questions user_events user_hometown manage_pages user_subscriptions friends_notes friends_location user_photo_video_tags friends_religion_politics read_requests user_status friends_games_activity read_insights user_birthday user_groups user_notes user_friends user_relationships friends_status publish_stream user_checkins friends_activities friends_relationships friends_questions user_likes friends_relationship_details ads_management user_activities rsvp_event friends_checkins read_stream friends_photo_video_tags read_page_mailboxes photo_upload read_mailbox friends_website user_religion_politics publish_actions user_about_me friends_videos user_interests user_games_activity friends_photos friends_events friends_about_me user_videos user_education_history manage_notifications friends_groups 
96937694899,Dailymotion,100000,291,yes,yes,email ads_management manage_pages public_profile installed 
55182998957,Pool Live Tour,500000,162,yes,yes,email ads_management public_profile installed 
169545139744270,Slotomania,1000000,70,yes,yes,email ads_management publish_actions public_profile installed 
407682420960,GoFundMe,100000,204,yes,yes,user_photos email ads_management manage_pages publish_pages publish_actions public_profile installed 
126694440681943,Truecaller,500000,126,yes,yes,user_location email ads_management publish_actions public_profile installed 
153996561399852,Flipagram,100000,311,yes,yes,user_photos email ads_management publish_actions public_profile installed 
75127329583,Drink it up!,500000,130,yes,yes,email ads_management publish_actions public_profile installed 
326803741017,Rotten Tomatoes,100000,317,yes,yes,email ads_management publish_actions public_profile installed 
127607644011854,Lovoo,1000000,84,yes,yes,user_birthday user_relationships user_location user_likes user_interests user_photos email ads_management public_profile installed 
2369844204,Academia.edu,100000,313,yes,yes,user_education_history user_work_history email ads_management public_profile installed 
132970837947,MSN,1000000,96,yes,yes,email ads_management public_profile installed 
121897277851831,iHeartRadio,500000,100,yes,yes,user_birthday user_hometown user_location user_likes email ads_management publish_actions public_profile installed 
532818623411439,Pearl's Peril,1000000,90,yes,yes,email ads_management publish_actions public_profile installed 
134079133419718,Despicable Me: Minion Rush,100000,196,yes,yes,email ads_management publish_actions public_profile installed 
40343401983,Bejeweled Blitz,1000000,83,yes,yes,email ads_management public_profile installed 
45075597673,BuzzFeed,500000,146,yes,yes,user_photos email ads_management publish_actions public_profile installed 
175694939152556,Twoo,500000,168,yes,yes,user_birthday user_relationships user_relationship_details user_location user_activities user_photos user_about_me email ads_management public_profile installed 
162918433202,Runtastic.com,100000,293,yes,yes,user_birthday email ads_management publish_actions public_profile installed 
137234499712326,Tango,100000,198,yes,yes,user_birthday user_activities user_website user_photos user_about_me email ads_management publish_actions public_profile installed 
124578887583575,MediaFire,100000,312,yes,yes,email ads_management public_profile installed 
108569252539536,PicsArt Photo Studio,500000,141,yes,yes,user_photos email ads_management manage_pages publish_pages publish_actions public_profile installed 
244518238972002,The Sims FreePlay,500000,118,yes,yes,email ads_management publish_actions public_profile installed 
105130332854716,Flipboard,500000,127,yes,yes,user_likes user_groups user_photos email ads_management manage_pages publish_pages publish_actions read_friendlists public_profile installed 
127995567256931,Diamond Dash,500000,154,yes,yes,email ads_management publish_actions public_profile installed 
178222352279634,Angry Birds Friends,500000,167,yes,yes,email ads_management publish_actions public_profile installed 
116656161708917,ESPN,100000,343,yes,yes,user_birthday user_likes email ads_management public_profile installed 
131314396964274,musiXmatch,500000,102,yes,yes,email ads_management public_profile installed 
6953377468,Zoosk,100000,254,yes,yes,user_birthday user_relationship_details user_location user_likes user_photos email ads_management public_profile installed 
40582213222,Hulu,100000,266,yes,yes,user_birthday user_likes email ads_management public_profile installed 
2490221586,SlideShare,50000,610,yes,yes,email ads_management public_profile installed 
134672596609680,House of Fun - Slots,500000,143,yes,yes,user_birthday email ads_management publish_actions public_profile installed 
299953330100883,Anghami,500000,144,yes,yes,user_birthday user_hometown user_location user_likes user_activities user_about_me email ads_management public_profile installed 
511237895595013,Hit It Rich! Casino Slots,500000,135,yes,yes,email ads_management publish_actions public_profile installed 
46744042133,The Huffington Post,100000,302,yes,yes,email ads_management public_profile installed 
158391354186658,piZap.com,100000,497,yes,yes,user_photos email ads_management publish_actions public_profile installed 
348256765200149,Buggle,100000,181,yes,yes,email ads_management publish_actions public_profile installed 
275591942465870,Caesars Casino,500000,156,yes,yes,email ads_management publish_actions public_profile installed 
102452128776,FarmVille,100000,214,yes,yes,rsvp_event email ads_management publish_actions public_profile installed 
249643311490,WordPress,100000,316,yes,yes,user_website email ads_management manage_pages publish_pages publish_actions public_profile installed 
205934316099103,Cafeland,100000,261,yes,yes,user_birthday email ads_management publish_actions public_profile installed 
186796388009496,MyFitnessPal,100000,505,yes,yes,user_birthday email ads_management publish_actions public_profile installed 
298315034451,Prezi,100000,491,yes,yes,email ads_management publish_actions public_profile installed 
144120355635913,Okey Plus,500000,169,yes,yes,email ads_management publish_actions public_profile installed 
8725050364,JibJab,50000,615,yes,yes,user_photos email ads_management publish_actions public_profile installed 
52254943976,Disqus,50000,790,yes,yes,email ads_management public_profile installed 
284597785309,Strava,100000,264,yes,yes,user_birthday user_location email ads_management publish_actions public_profile installed 
28218816837,Eventbrite,100000,425,yes,yes,create_event email ads_management manage_pages publish_pages publish_actions public_profile installed 
84697719333,Nike,100000,374,yes,yes,user_birthday user_location email ads_management publish_actions public_profile installed 
62181482841,GSN Casino,500000,152,yes,yes,user_games_activity email ads_management public_profile installed 
204070852982419,CJ E&M,100000,387,yes,yes,user_birthday email ads_management publish_actions public_profile installed 
86734274142,Foursquare,100000,465,yes,yes,user_birthday user_location email ads_management manage_pages publish_pages publish_actions public_profile installed 
2403839689,Meetup,100000,329,yes,yes,email ads_management public_profile installed 
143103275748075,Sweepstakes,100000,424,yes,yes,user_birthday user_location email ads_management publish_actions public_profile installed 
106920676011663,Fitbit,100000,337,yes,yes,email ads_management public_profile installed 
123743911011091,Issuu,500000,142,yes,yes,user_birthday user_location email ads_management public_profile installed 
10754253724,iPhoto ,100000,411,yes,yes,user_photos share_item status_update user_location email user_website read_friendlists export_stream friends_work_history friends_subscriptions friends_birthday friends_online_presence friends_education_history public_profile sms friends_interests installed publish_checkins manage_friendlists video_upload user_work_history create_event create_note friends_hometown user_relationship_details xmpp_login user_online_presence friends_likes basic_info user_questions user_events user_hometown manage_pages user_subscriptions friends_notes friends_location user_photo_video_tags friends_religion_politics read_requests user_status friends_games_activity read_insights user_birthday user_groups user_notes user_friends user_relationships friends_status publish_stream user_checkins friends_activities friends_relationships friends_questions user_likes friends_relationship_details ads_management user_activities rsvp_event friends_checkins read_stream friends_photo_video_tags read_page_mailboxes photo_upload read_mailbox friends_website user_religion_politics publish_actions user_about_me friends_videos user_interests user_games_activity friends_photos friends_events friends_about_me user_videos user_education_history manage_notifications friends_groups
100107953487314,Pengle,100000,201,yes,yes,email ads_management publish_actions public_profile installed 
171373592926306,YouNow,100000,295,yes,yes,email ads_management manage_pages publish_pages publish_actions public_profile installed 
271493726217323,Social Wars,100000,529,yes,yes,email ads_management publish_actions public_profile installed 
505569762793757,Indian Rummy,100000,200,yes,yes,email ads_management public_profile installed 
202423869273,Endomondo Sports Tracker,100000,249,yes,yes,user_birthday email ads_management publish_actions public_profile installed 
2498397125,ReverbNation,100000,306,yes,yes,user_birthday user_location user_likes user_photos rsvp_event email ads_management read_insights manage_pages publish_pages publish_actions public_profile installed 
180347063770,Venmo,100000,328,yes,yes,user_birthday user_location email ads_management publish_actions public_profile installed 
103730181618,Skout,100000,274,yes,yes,user_birthday email ads_management publish_actions public_profile installed 
48187595837,LivingSocial,50000,640,yes,yes,user_location user_likes email ads_management public_profile installed 
226681500790782,Township,500000,150,yes,yes,email ads_management publish_actions public_profile installed 
217116108329566,PicCollage,100000,456,yes,yes,user_photos email ads_management publish_actions public_profile installed 
183319479511,Hootsuite,100000,178,yes,yes,user_likes user_activities user_events user_photos user_videos user_about_me user_status read_page_mailboxes email ads_management read_insights manage_pages publish_pages publish_actions read_friendlists public_profile installed 
187616458022324,Hot or Not,100000,331,yes,yes,user_birthday user_location user_likes user_education_history user_work_history user_photos email ads_management publish_actions public_profile installed 
100495476683973,Social Empires,50000,605,yes,yes,email ads_management publish_actions public_profile installed 
167746316127,Zoo World,500000,153,yes,yes,user_birthday email ads_management publish_actions public_profile installed 
286682971437638,Kitchen Scramble,100000,354,yes,yes,user_birthday email ads_management publish_actions public_profile installed 
420980821284758,Zombie Tsunami,100000,394,yes,yes,user_likes user_games_activity email ads_management publish_actions public_profile installed 
413003698745607,Hungry Shark Evolution,100000,419,yes,yes,email ads_management publish_actions public_profile installed 
340466706066237,BeeTalk,50000,551,yes,yes,user_birthday user_relationships user_location user_activities user_education_history user_work_history user_photos user_about_me email ads_management publish_actions public_profile installed 
278692755549138,Jetpack Joyride,50000,581,yes,yes,email ads_management publish_actions public_profile installed 
49631911630,Mixcloud,100000,448,yes,yes,email ads_management manage_pages publish_pages publish_actions public_profile installed 
117787264903013,Indiatimes,100000,392,yes,yes,user_birthday user_hometown user_location user_education_history user_work_history email ads_management publish_actions public_profile installed 
565561836797777,Sync.ME,100000,208,yes,yes,user_photos email ads_management public_profile installed 
187960271237149,Detik.com,100000,332,yes,yes,email ads_management public_profile installed 
58430649062,İzlesene,10000,897,yes,yes,user_birthday email ads_management public_profile installed 
192161334139408,Magisto,50000,558,yes,yes,user_activities user_photos user_videos user_about_me email ads_management publish_actions public_profile installed 
182424375109898,Myntra,100000,370,yes,yes,user_birthday user_location email ads_management public_profile installed 
186712578038225,Marketland,100000,515,yes,yes,user_birthday email ads_management publish_actions public_profile installed 
125664117508,Path,100000,278,yes,yes,email ads_management publish_actions public_profile installed 
114611681929998,Nextdoor,100000,420,yes,yes,email ads_management public_profile installed 
183019041719404,Gaana.com,100000,482,yes,yes,user_birthday user_likes email ads_management public_profile installed 
183662791755899,Ipsy,100000,395,yes,yes,user_birthday user_hometown user_location user_likes user_interests user_education_history user_work_history email ads_management publish_actions public_profile installed
104018109673165,Sony Xperia™ smartphone,100000,220,yes,yes,user_photos share_item status_update user_location email user_website read_friendlists export_stream friends_work_history friends_subscriptions friends_birthday friends_online_presence friends_education_history public_profile sms friends_interests installed publish_checkins manage_friendlists whitelisted_offline_access video_upload user_work_history create_event create_note friends_hometown user_relationship_details xmpp_login user_online_presence friends_likes basic_info user_questions user_events user_hometown manage_pages user_subscriptions friends_notes friends_location user_photo_video_tags friends_religion_politics read_requests user_status friends_games_activity read_insights user_birthday user_groups user_notes user_friends user_relationships friends_status publish_stream user_checkins friends_activities friends_relationships friends_questions user_likes friends_relationship_details ads_management user_activities rsvp_event friends_checkins read_stream friends_photo_video_tags read_page_mailboxes photo_upload read_mailbox friends_website user_religion_politics publish_actions user_about_me friends_videos user_interests user_games_activity friends_photos friends_events friends_about_me user_videos user_education_history manage_notifications friends_groups 
290293790992170,WeChat,10000,961,yes,yes,email ads_management publish_actions public_profile installed 
267091300008193,Instagram feed tab for Pages,10000,1127,yes,yes,email ads_management manage_pages public_profile installed 
225826214141508,Draw Something,100000,369,yes,yes,email ads_management publish_actions public_profile installed 
131538103586818,Expedia,50000,835,yes,yes,email ads_management public_profile installed 
226454160829032,Asphalt 8：Airborne,100000,508,yes,yes,email ads_management public_profile installed 
202085853191582,High 5 Casino Real Slots,100000,229,yes,yes,email ads_management publish_actions public_profile installed 
201969246526783,Webcam Toy,10000,948,yes,yes,user_photos email ads_management publish_actions public_profile installed 
150241438424387,Megapolis,100000,279,yes,yes,user_birthday email ads_management publish_actions public_profile installed 
272273374460,www.peixeurbano.com.br,100000,393,yes,yes,email ads_management public_profile installed 
111411968896241,Miniclip.com,50000,719,yes,yes,user_birthday email ads_management public_profile installed 
125168500866352,Songza,100000,380,yes,yes,email ads_management publish_actions public_profile installed 
127221877343651,GroupMe,50000,555,yes,yes,email ads_management public_profile installed 
100322856680770,Rdio,50000,735,yes,yes,user_birthday user_likes email ads_management manage_pages publish_pages publish_actions public_profile installed 
691343587543479,Frozen Free Fall,100000,304,yes,yes,email ads_management publish_actions public_profile installed 
38997159460,Photobucket,50000,850,yes,yes,user_birthday user_location user_photos user_videos email ads_management publish_actions public_profile installed 
117783761627229,BuenasTareas.com,10000,1518,yes,yes,email ads_management public_profile installed 
203173226450807,CSR Racing,100000,413,yes,yes,email ads_management public_profile installed 
58567469885,The BBC website,10000,1466,yes,yes,email ads_management public_profile installed 
170286019786461,Racing Rivals,50000,614,yes,yes,email ads_management public_profile installed 
288523881080,Zomato,10000,947,yes,yes,email ads_management publish_actions public_profile installed 
99197768694,AlloCine,50000,628,yes,yes,user_birthday user_location email ads_management public_profile installed 
156616144460028,Ruzzle,100000,267,yes,yes,email ads_management publish_actions public_profile installed 
376653339098379,BigKool,50000,651,yes,yes,email ads_management public_profile installed 
17091798008,AYI,50000,725,yes,yes,user_birthday user_location user_likes user_activities user_interests user_photos user_about_me email ads_management public_profile installed 
160231364042233,Wordfeud,100000,250,yes,yes,email ads_management public_profile installed 
203568503078644,Corriere.it Social,100000,468,yes,yes,user_birthday email ads_management public_profile installed 
174961479209942,Coupons,9600,3031,yes,yes,user_birthday user_location email ads_management publish_actions public_profile installed 
165665113451029,BookMyShow (India),10000,1118,yes,yes,email ads_management public_profile installed 
134162068005,TextNow,10000,1084,yes,yes,user_birthday email ads_management public_profile installed 
137827210650,Ninja Saga,50000,802,yes,yes,email ads_management public_profile installed 
166738216681933,8tracks,50000,565,yes,yes,user_birthday user_location user_website email ads_management publish_actions public_profile installed 
227587747269298,Showroomprive.com,100000,496,yes,yes,email ads_management public_profile installed 
441863262491777,UNO ™ & Friends,100000,520,yes,yes,email ads_management publish_actions public_profile installed 
14852940614,Birthday Cards,100000,466,yes,yes,user_birthday email ads_management public_profile installed 
30708972585,CBS.com,10000,928,yes,yes,user_birthday email ads_management public_profile installed 
226887730845,filmweb,50000,553,yes,yes,user_birthday email ads_management public_profile installed 
100597660034894,Jaumo,100000,360,yes,yes,user_birthday user_hometown user_location user_likes user_activities user_events user_photos user_about_me email ads_management public_profile installed 
222161937813280,MI,10000,2468,yes,yes,user_birthday email ads_management public_profile installed 
120959154612889,Wongnai,10000,1057,yes,yes,email ads_management publish_actions public_profile installed 
160249463991765,Khan Academy,10000,1059,yes,yes,email ads_management public_profile installed 
205207189635985,Soldiers Inc.,50000,576,yes,yes,user_interests email ads_management publish_actions public_profile installed 
145634995501895,Graph API Explorer,50000,821,yes,yes,user_birthday user_religion_politics user_relationships user_relationship_details user_hometown user_location user_likes user_activities user_interests user_education_history user_work_history user_website user_groups user_managed_groups user_events user_photos user_videos user_about_me user_status user_games_activity user_posts read_stream read_mailbox read_page_mailboxes rsvp_event email ads_management read_insights manage_notifications manage_pages publish_pages publish_actions read_friendlists public_profile installed 
43211574282,MapMyRun,10000,995,yes,yes,user_birthday email ads_management publish_actions public_profile installed 
523132271032907,Zing TV,10000,935,yes,yes,email ads_management public_profile installed 
554013181278341,Green Farm 3,50000,830,yes,yes,email ads_management public_profile installed 
295666513781415,WWE.com,10000,1078,yes,yes,user_birthday email ads_management public_profile installed 
168791636471880,OLX Classifieds,50000,575,yes,yes,email ads_management public_profile installed 
218282488189771,Kongregate,50000,798,yes,yes,email ads_management public_profile installed 
116830345011417,Bayt.com,10000,1465,yes,yes,user_birthday user_hometown user_location user_activities user_education_history user_work_history user_about_me email ads_management publish_actions public_profile installed 
242829452408559,Lucky Slots,100000,463,yes,yes,email ads_management publish_actions public_profile installed 
292065597989,Adobe Photoshop Express,10000,1431,yes,yes,user_location user_photos email ads_management publish_actions public_profile installed 
203946033045102,CasinoStar - Free Slots,100000,533,yes,yes,email ads_management publish_actions public_profile installed 
151646922090,My Top Fans,10000,1868,yes,yes,user_events user_photos email ads_management manage_pages publish_pages publish_actions public_profile installed 
121082817904614,Wanelo Shopping,50000,747,yes,yes,email ads_management publish_actions public_profile installed 
88632292540,Bubbles IQ,100000,367,yes,yes,user_birthday user_location email ads_management publish_actions public_profile installed 
445331495490624,Trial Xtreme 3,10000,1536,yes,yes,email ads_management public_profile installed 
173030219493457,Panda Jam,50000,580,yes,yes,email ads_management publish_actions public_profile installed 
168935243978,ICQ Feeds,50000,592,yes,yes,user_photos share_item status_update user_location email user_website read_friendlists export_stream friends_work_history friends_subscriptions friends_birthday friends_online_presence friends_education_history public_profile sms friends_interests installed publish_checkins manage_friendlists video_upload user_work_history create_event create_note friends_hometown user_relationship_details xmpp_login user_online_presence friends_likes basic_info user_questions user_events user_hometown manage_pages user_subscriptions friends_notes friends_location user_photo_video_tags friends_religion_politics read_requests user_status friends_games_activity read_insights user_birthday user_groups user_notes user_friends user_relationships friends_status publish_stream user_checkins friends_activities friends_relationships friends_questions user_likes friends_relationship_details ads_management user_activities rsvp_event friends_checkins read_stream friends_photo_video_tags read_page_mailboxes photo_upload read_mailbox friends_website user_religion_politics publish_actions user_about_me friends_videos user_interests user_games_activity friends_photos friends_events friends_about_me user_videos user_education_history manage_notifications friends_groups
273393289342171,愛料理,50000,691,yes,yes,email ads_management public_profile installed 
247047359503,SoundHound,50000,873,yes,yes,user_birthday user_location email ads_management publish_actions public_profile installed 
149175321787833,برجك مع مـاغـي فـرح,50000,663,yes,yes,user_birthday email ads_management publish_actions public_profile installed 
123876194314735,OpenTable,10000,1779,yes,yes,email ads_management public_profile installed 
161991040493541,XFINITY,10000,1138,yes,yes,user_photos offline_access email ads_management whitelisted_offline_access public_profile installed 
252040864818831,MediasetIt,10000,1168,yes,yes,email ads_management public_profile installed 
200599083317438,Angry Words (Apalabrados),100000,366,yes,yes,email ads_management publish_actions public_profile installed 
192061350806348,Groupon Brasil,50000,626,yes,yes,email ads_management public_profile installed 
150335135013694,Poker Texas Boyaa,50000,579,yes,yes,email ads_management publish_actions public_profile installed 
230335887118237,Brave Frontier,100000,303,yes,yes,email ads_management public_profile installed 
127126554019575,Groupon Italia,50000,589,yes,yes,email ads_management public_profile installed 
243187455697579,MINDBODY,10000,903,yes,yes,email ads_management public_profile installed 
168059739963878,MakeMyTrip.com,8600,3265,yes,yes,user_birthday user_relationships user_relationship_details user_hometown user_location user_likes user_education_history user_work_history user_events user_status email ads_management public_profile installed 
530984573639523,Angry Birds Go!,10000,1013,yes,yes,email ads_management publish_actions public_profile installed 
2558160538,Flixster,10000,1389,yes,yes,email ads_management publish_actions public_profile installed 
27908961404,Lumosity,50000,674,yes,yes,user_birthday email ads_management public_profile installed 
202401199825712,Mandic magiC,10000,1645,yes,yes,email ads_management publish_actions public_profile installed 
107051471700,Chegg,50000,867,yes,yes,email ads_management public_profile installed 
502862879763648,Grand Theft Auto V,50000,797,yes,yes,email ads_management publish_actions public_profile installed 
140028286058792,Instructables,10000,1167,yes,yes,user_birthday email ads_management public_profile installed 
249997925116056,Tetris Blitz,50000,618,yes,yes,email ads_management publish_actions public_profile installed 
191851808441,minijuegos.com,10000,1458,yes,yes,user_birthday email ads_management publish_actions public_profile installed 
260890547115,The official ESPNcricinfo,50000,789,yes,yes,email ads_management public_profile installed 
2318966938,Causes,10000,2220,yes,yes,user_birthday user_religion_politics user_hometown user_location user_likes email ads_management publish_actions public_profile installed 
2405167945,ReverbNation Band Profile,10000,1619,yes,yes,user_birthday user_location email ads_management manage_pages public_profile installed 
378853695459932,niconico,10000,2164,yes,yes,user_birthday email ads_management public_profile installed 
219999261380232,Pic Stitch,10000,1145,yes,yes,user_photos user_videos email ads_management publish_actions public_profile installed 
102152066526772,Groupon France,50000,743,yes,yes,email ads_management public_profile installed 
227068630743584,Zynga Player Support,10000,1688,yes,yes,email ads_management public_profile installed 
107670239269843,Red Crucible: Firestorm,10000,2023,yes,yes,email ads_management public_profile installed 
111239619098,Bing,50000,548,yes,yes,user_birthday user_relationships user_hometown user_location user_likes user_education_history user_work_history user_events user_photos email ads_management public_profile installed 
5388815661,Ancestry,10000,2377,yes,yes,user_birthday user_relationships email ads_management public_profile installed 
217970898225812,BeKnown,10000,1202,yes,yes,offline_access email ads_management whitelisted_offline_access public_profile installed 
138146182878222,EyeEm,10000,1206,yes,yes,email ads_management manage_pages publish_pages publish_actions public_profile installed 
152780684787428,Call Of Duty®,10000,1661,yes,yes,email ads_management public_profile installed 
243956650505,Microsoft Outlook Social Connector,100000,351,yes,yes,user_friends read_stream read_mailbox email ads_management public_profile installed 
169572140835,Best Casino Slots Bingo & Poker,100000,476,yes,yes,user_birthday email ads_management publish_actions public_profile installed 
109356832549275,Camera360 Sharing,10000,2913,yes,yes,email ads_management publish_actions public_profile installed 
177538502269780,Kleiderkreisel,10000,896,yes,yes,email ads_management public_profile installed 
64571521476,FARKLE,50000,726,yes,yes,email ads_management publish_actions public_profile installed 
296867961907,Care.com,10000,1361,yes,yes,user_birthday user_location user_education_history user_photos email ads_management public_profile installed 
118836928154289,Peel,6400,4024,yes,yes,email ads_management public_profile installed 
158845517509768,hi5,10000,1860,yes,yes,user_birthday user_location email ads_management public_profile installed 
155727011143809,I AM PLAYR,10000,2363,yes,yes,user_birthday user_location email ads_management public_profile installed 
2427617054,Chess,50000,702,yes,yes,email ads_management publish_actions public_profile installed 
8109791468,Status Shuffle,10000,1604,yes,yes,user_birthday email ads_management publish_actions public_profile installed 
215716668551854,Camfrog Video Chat,10000,1640,yes,yes,user_birthday user_location email ads_management publish_actions public_profile installed 
20678178440,Poll,10000,2503,yes,yes,user_birthday user_likes email ads_management manage_pages public_profile installed 
357704261026079,School of Dragons,10000,2511,yes,yes,email ads_management public_profile installed 
120131118061981,Freelancer.com,10000,1461,yes,yes,email ads_management public_profile installed 
202127659076,Fiverr.com,10000,1112,yes,yes,user_birthday user_location user_likes email ads_management public_profile installed 
312325658799229,Airport City: Free to Fly,10000,1200,yes,yes,email ads_management publish_actions public_profile installed 
315837181868526,iWin Online,10000,1280,yes,yes,email ads_management public_profile installed 
189065144614,17Life,10000,1098,yes,yes,email ads_management public_profile installed 
176611639027113,Zynga,50000,541,yes,yes,email ads_management public_profile installed 
330854556993708,Winkal.com,10000,1618,yes,yes,user_birthday email ads_management publish_actions public_profile installed 
176047503611,piZap,10000,2397,yes,yes,email ads_management public_profile installed 
317617331662857,Perfect Kick,10000,2135,yes,yes,email ads_management public_profile installed 
2509073032,Secret Santa by Elfster,50000,856,yes,yes,email ads_management public_profile installed 
24324666158,500px,10000,2089,yes,yes,user_birthday user_location user_activities user_about_me email ads_management publish_actions public_profile installed 
356445735231,Kaskus,10000,1497,yes,yes,email ads_management public_profile installed 
327884390609542,Showstopper Basketball Beta,10000,2371,yes,yes,email ads_management public_profile installed 
159930018743,Rhapsody,10000,1435,yes,yes,email ads_management publish_actions public_profile installed 
499903096703202,Walgreens,10000,1130,yes,yes,user_activities user_photos user_about_me email ads_management public_profile installed 
186815574604,麻將─新明星3缺1網頁遊戲 免費的麻將遊戲,50000,705,yes,yes,email ads_management public_profile installed 
475065535871710,Appvn,10000,2512,yes,yes,email ads_management public_profile installed 
17289117961,Slickdeals,50000,708,yes,yes,email ads_management public_profile installed 
2415716319,Animoto,10000,2681,yes,yes,user_photos email ads_management manage_pages publish_pages publish_actions public_profile installed 
620296824652755,Danger Dash,10000,2624,yes,yes,email ads_management public_profile installed 
406229512723084,War of Mercenaries,10000,1014,yes,yes,email ads_management publish_actions public_profile installed 
151687868200992,Aeria Games,10000,2530,yes,yes,email ads_management public_profile installed 
131285656905938,NewsHunt : India News | Jobs ,10000,1207,yes,yes,email ads_management public_profile installed 
106548749379931,21 questions,10000,2739,yes,yes,email ads_management public_profile installed 
266573370162061,Indy Cat,10000,1031,yes,yes,user_birthday user_location user_games_activity email ads_management publish_actions public_profile installed 
180603348626536,Fancy,10000,1482,yes,yes,user_birthday email ads_management publish_actions public_profile installed 
197600320304159,IOL,10000,1542,yes,yes,email ads_management public_profile installed 
213329668749353,Magic Jigsaw Puzzles,50000,647,yes,yes,user_photos email ads_management publish_actions public_profile installed 
219364554409,Boyaa Texas Poker,10000,1412,yes,yes,email ads_management publish_actions public_profile installed 
102628213125203,eBay,10000,2822,yes,yes,email ads_management public_profile installed 
155346004575672,Pixlr,8500,3305,yes,yes,email ads_management publish_actions public_profile installed 
202977333065494,Texas Holdem - Poker KinG Online,10000,1476,yes,yes,email ads_management public_profile installed 
231741123519264,Slacker Radio,10000,1837,yes,yes,user_birthday user_location email ads_management public_profile installed 
164366686937186,PhotoMania,10000,2724,yes,yes,user_photos email ads_management publish_actions public_profile installed 
110681498978502,Muzy.com,9100,3147,yes,yes,user_photos email ads_management publish_actions public_profile installed 
120495504667538,People Roulette,10000,2099,yes,yes,user_birthday email ads_management public_profile installed 
91018702399,Crackle,9100,3136,yes,yes,email ads_management publish_actions public_profile installed 
369725049716975,Heroes of Order & Chaos ,10000,1377,yes,yes,email ads_management public_profile installed 
134353166599417,Stupid Pigeon,6900,3871,yes,yes,email ads_management publish_actions public_profile installed 
425850510764995,hike,4600,4954,yes,yes,email ads_management public_profile installed 
98415887884,Imikimi,10000,1895,yes,yes,user_photos email ads_management publish_actions public_profile installed 
117784394919914,Menutab for Restaurants,6500,4000,yes,yes,email ads_management public_profile installed 
217507578283312,MeowChat,10000,1793,yes,yes,user_birthday email ads_management publish_actions public_profile installed 
144148175670416,Kizi,10000,2406,yes,yes,email ads_management public_profile installed 
175568195800784,SwiftKey Cloud,7200,3737,yes,yes,user_events user_status email ads_management public_profile installed 
105376512840036,UOL,8000,3444,yes,yes,user_birthday email ads_management public_profile installed 
128581025231,toGather,6000,4180,yes,yes,email ads_management public_profile installed 
80541436066,@Hugs,10000,2000,yes,yes,email ads_management publish_actions public_profile installed 
120727820568,Live Nation,9900,2963,yes,yes,user_likes rsvp_event email ads_management public_profile installed 
191050567575202,Groupon Deutschland,10000,1220,yes,yes,email ads_management public_profile installed 
167110672433,好康活動 Hot Deals,10000,2793,yes,yes,user_birthday user_likes user_videos email ads_management manage_pages public_profile installed 
327998323877350,Picmix,8900,3195,yes,yes,user_photos email ads_management publish_actions public_profile installed 
129748227041755,Monster Galaxy,7700,3540,yes,yes,email ads_management public_profile installed 
221094574568058,Xbox,10000,1680,yes,yes,email ads_management publish_actions public_profile installed 
124304810915979,ImageShack,6400,4052,yes,yes,email ads_management public_profile installed 
418380138296075,Cloud Raiders,10000,1750,yes,yes,email ads_management publish_actions public_profile installed 
295151753868210,BINGO Blingo,10000,1376,yes,yes,user_birthday user_location email ads_management publish_actions public_profile installed 
271259342962010,FreePrints,10000,938,yes,yes,user_photos email ads_management publish_actions public_profile installed 
231848490172785,Six-Guns,10000,2591,yes,yes,email ads_management publish_actions public_profile installed 
116141121768215,TheJournal.ie,10000,1103,yes,yes,user_birthday email ads_management publish_actions public_profile installed 
398107760206734,Quizkampen,10000,901,yes,yes,email ads_management public_profile installed 
123280101075687,Groupon Polska,10000,2144,yes,yes,email ads_management public_profile installed 
171701286220852,Football Management Ultra,10000,1344,yes,yes,email ads_management public_profile installed 
220782057940018,337.com,10000,2532,yes,yes,email ads_management public_profile installed 
173755104079,ShopYourWay,8600,3260,yes,yes,user_birthday user_likes email ads_management public_profile installed 
277984122314848,Extreme Road Trip 2,8000,3438,yes,yes,email ads_management public_profile installed 
126739610711965,NationBuilder,10000,2815,yes,yes,user_events rsvp_event email ads_management manage_pages publish_pages publish_actions public_profile installed 
310877173418,Norton Safe Web,3700,5547,yes,yes,email ads_management public_profile installed 
209002009923,Uplay,8600,3286,yes,yes,user_birthday email ads_management public_profile installed 
167960046548003,Downhill Snowboard,5900,4222,yes,yes,email ads_management publish_actions public_profile installed 
156663827834508,Where's My Water? 2,8600,3277,yes,yes,user_activities user_about_me email ads_management publish_actions public_profile installed 
359360087450311,HTML Page Tab #8,1200,10647,yes,yes,email ads_management public_profile installed 
111783915542681,CartolaFC,5500,4424,yes,yes,email ads_management public_profile installed 
139243329469945,Groupon Australia,10000,1658,yes,yes,email ads_management public_profile installed 
54975784392,Yidio,5000,4642,yes,yes,user_birthday user_location user_likes user_interests email ads_management publish_actions public_profile installed 
135044559891979,Groupon Espana,10000,1590,yes,yes,email ads_management public_profile installed 